{"oracle_scores_all": {"max_score": 0.7422374486923218, "diversity_score": 29.4497568409771, "mean_score": 0.6546418608923206, "novelty_score": 20.099921321793865}, "oracle_scores_top_k": {"max_score": 0.7422374486923218, "diversity_score": 25.59461122047244, "mean_score": 0.7156354994513094, "novelty_score": 20.8125}}