{"max_score": 0.7652301788330078, "diversity_score": 28.735529715762272, "mean_score": 0.6928728818893433, "novelty_score": 20.328703703703702, "max_score_sequence": "CCGAAGACUUACUUUUUUUUAGUAGUAAAAUAAAACCAGAAAUAAUAACA"}