{
    "all_solutions": {
        "max_score": 0.7348164916038513,
        "mean_score": 0.6543496219127615,
        "diversity_score_first_order": 29.889875762799075,
        "novelty_score_first_order": 20.215350223546945,
        "diversity_score_second_order": 20.992130569641848,
        "novelty_score_second_order": 4.316691505216095,
        "diversity_score_embed": 0.023070054904425662,
        "novelty_score_embed": 0.004279045307570133
    },
    "top_k_solutions": {
        "max_score": 0.7348164916038513,
        "mean_score": 0.7161522661335766,
        "diversity_score_first_order": 26.450910433070867,
        "novelty_score_first_order": 20.9765625,
        "diversity_score_second_order": 17.834276574803148,
        "novelty_score_second_order": 2.625,
        "diversity_score_embed": 0.016020544570342746,
        "novelty_score_embed": 0.005540819311612065
    },
    "downsampled_solutions": {
        "max_score": 0.7236313223838806,
        "mean_score": 0.6572420236188918,
        "diversity_score_first_order": 29.284817913385826,
        "novelty_score_first_order": 20.1953125,
        "diversity_score_second_order": 21.254060039370078,
        "novelty_score_second_order": 4.4765625,
        "diversity_score_embed": 0.021238085889618206,
        "novelty_score_embed": 0.004074197540897093
    }
}