{
    "all_solutions": {
        "max_score": 0.7781800627708435,
        "mean_score": 0.6797708186897493,
        "diversity_score_first_order": 27.641131927454527,
        "novelty_score_first_order": 19.972470238095237,
        "diversity_score_second_order": 21.224765539127045,
        "novelty_score_second_order": 4.319940476190476,
        "diversity_score_embed": 0.025057338240332468,
        "novelty_score_embed": 0.004507167550711552
    },
    "top_k_solutions": {
        "max_score": 0.7781800627708435,
        "mean_score": 0.7440440007485449,
        "diversity_score_first_order": 23.84879429133858,
        "novelty_score_first_order": 20.140625,
        "diversity_score_second_order": 16.98597440944882,
        "novelty_score_second_order": 2.34375,
        "diversity_score_embed": 0.01465279125516153,
        "novelty_score_embed": 0.006447372541802153
    }
}