{
    "all_solutions": {
        "max_score": 0.8138062953948975,
        "mean_score": 0.6817048543487632,
        "diversity_score_first_order": 28.009260982874164,
        "novelty_score_first_order": 20.098958333333332,
        "diversity_score_second_order": 21.061168138141333,
        "novelty_score_second_order": 4.308779761904762,
        "diversity_score_embed": 0.02339876638523984,
        "novelty_score_embed": 0.004535469858746494
    },
    "top_k_solutions": {
        "max_score": 0.8138062953948975,
        "mean_score": 0.7467011851258576,
        "diversity_score_first_order": 23.614173228346456,
        "novelty_score_first_order": 20.4453125,
        "diversity_score_second_order": 17.341904527559056,
        "novelty_score_second_order": 2.8671875,
        "diversity_score_embed": 0.014858085086928458,
        "novelty_score_embed": 0.006578278452362521
    },
    "downsampled_solutions": {
        "max_score": 0.7594109773635864,
        "mean_score": 0.6938046123832464,
        "diversity_score_first_order": 27.829970472440944,
        "novelty_score_first_order": 20.25,
        "diversity_score_second_order": 21.218134842519685,
        "novelty_score_second_order": 4.140625,
        "diversity_score_embed": 0.020067138362744697,
        "novelty_score_embed": 0.004510068321685284
    }
}