{"oracle_scores": {"max_score": 0.7823749780654907, "diversity_score": 28.842687747035573, "mean_score": 0.6975297927856445, "novelty_score": 20.294372294372295}}