{"oracle_scores": {"max_score": 0.7781800627708435, "diversity_score": 27.641131927454527, "mean_score": 0.6797704100608826, "novelty_score": 19.969494047619047}}