{"max_score": 0.7781800627708435, "diversity_score": 27.641131927454527, "mean_score": 0.6797704100608826, "novelty_score": 20.023065476190474, "max_score_sequence": "AACCCACUAAAACAACAACACCUAAACUAGAAAAACCAAACAGCACAGAA",
  "max_score_top": 0.7781800627708435, "diversity_score_top": 23.84879429133858, "mean_score_top": 0.7440439462661743, "novelty_score_top": 20.1953125}