{"oracle_scores_all": {"max_score": 0.7374204993247986, "diversity_score": 29.43405749008156, "mean_score": 0.6531346749082655, "novelty_score": 19.949356223175965}, "oracle_scores_top_k": {"max_score": 0.7374204993247986, "diversity_score": 25.52829724409449, "mean_score": 0.7125328783877194, "novelty_score": 20.5234375}}