{
    "all_solutions": {
        "max_score": 0.7563174366950989,
        "mean_score": 0.7243859483511947,
        "diversity_score_first_order": 11.385904409036645,
        "novelty_score_first_order": 23.780512305374184,
        "diversity_score_second_order": 1.943641865782958,
        "novelty_score_second_order": 0.3756906077348066,
        "diversity_score_embed": 0.00504194380984988,
        "novelty_score_embed": 0.014191414548952338
    },
    "top_k_solutions": {
        "max_score": 0.7563174366950989,
        "mean_score": 0.7429053587839007,
        "diversity_score_first_order": 9.888041338582678,
        "novelty_score_first_order": 24.1640625,
        "diversity_score_second_order": 2.4771161417322833,
        "novelty_score_second_order": 0.375,
        "diversity_score_embed": 0.002246042441442068,
        "novelty_score_embed": 0.017678943746476043
    },
    "downsampled_solutions": {
        "max_score": 0.7423434257507324,
        "mean_score": 0.7276170556433499,
        "diversity_score_first_order": 9.818774606299213,
        "novelty_score_first_order": 24.1328125,
        "diversity_score_second_order": 1.656126968503937,
        "novelty_score_second_order": 0.359375,
        "diversity_score_embed": 0.0025435039623791732,
        "novelty_score_embed": 0.015005405468498054
    }
}